Name,Team,BB%,O-Swing% (sc),NameASCII,PlayerId,MLBAMID
"Javier Báez","DET",0.022883295,0.44792974,"Javier Baez",12979,595879
"Edmundo Sosa","PHI",0.038314176,0.44791667,"Edmundo Sosa",17022,624641
"Jake Mangum","TBR",0.044392523,0.44545455,"Jake Mangum",26202,663968
"Yainer Diaz","HOU",0.035273368,0.43762376,"Yainer Diaz",23003,673237
"Michael Harris II","ATL",0.024960998,0.42590867,"Michael Harris II",25931,671739
"Pete Crow-Armstrong","CHC",0.044822256,0.41873964,"Pete Crow-Armstrong",27769,691718
"Lenyn Sosa","CHW",0.033088235,0.41601563,"Lenyn Sosa",22896,672820
"Ceddanne Rafaela","BOS",0.04770017,0.41420118,"Ceddanne Rafaela",24262,678882
"Nick Castellanos","PHI",0.054329371,0.40573414,"Nick Castellanos",11737,592206
"Jac Caglianone","KCR",0.077586206,0.40215054,"Jac Caglianone",35041,695506
"Jake Burger","TEX",0.031914893,0.40185471,"Jake Burger",22275,669394
"Angel Martínez","CLE",0.047520661,0.40114943,"Angel Martinez",26540,682657
"Salvador Perez","KCR",0.043681747,0.40068493,"Salvador Perez",7304,521692
"Ezequiel Tovar","COL",0.053846153,0.39918809,"Ezequiel Tovar",24064,678662
"Dominic Canzone","SEA",0.074626865,0.38387716,"Dominic Canzone",26438,686527
"Ryan Mountcastle","BAL",0.042016806,0.38341158,"Ryan Mountcastle",18373,663624
"Jackson Merrill","SDP",0.068322981,0.38333333,"Jackson Merrill",29490,701538
"Jose Altuve","HOU",0.084097859,0.38145161,"Jose Altuve",5417,514888
"Mickey Moniak","COL",0.047722342,0.37855297,"Mickey Moniak",19956,666160
"Luis García Jr.","WSN",0.051330798,0.37407014,"Luis Garcia Jr.",20391,671277
"Gabriel Arias","CLE",0.05732484,0.37104072,"Gabriel Arias",22563,672356
"Josh Lowe","TBR",0.075862068,0.3690205,"Josh Lowe",19953,666139
"Ernie Clement","TOR",0.045918367,0.36824697,"Ernie Clement",20352,676391
"Alek Thomas","ARI",0.044776119,0.36610608,"Alek Thomas",23792,677950
"Josh Naylor","- - -",0.079470198,0.36597428,"Josh Naylor",18839,647304
"Brady House","WSN",0.02919708,0.36547085,"Brady House",29993,691781
"Hunter Goodman","COL",0.056994818,0.36237257,"Hunter Goodman",29715,696100
"Ezequiel Duran","TEX",0.03652968,0.36103896,"Ezequiel Duran",23733,677649
"Jackson Chourio","MIL",0.050933786,0.36046512,"Jackson Chourio",28806,694192
"Bryce Harper","PHI",0.120689655,0.35967742,"Bryce Harper",11579,547180
"Drew Waters","KCR",0.05022831,0.35789474,"Drew Waters",20505,671221
"Paul DeJong","WSN",0.052884615,0.35616438,"Paul DeJong",18015,657557
"Abraham Toro","BOS",0.049295774,0.3559633,"Abraham Toro",19844,647351
"Julio Rodríguez","SEA",0.06197183,0.35425268,"Julio Rodriguez",23697,677594
"Jeremy Peña","HOU",0.064456721,0.35412027,"Jeremy Pena",21636,665161
"Michael Massey","KCR",0.032490974,0.35390947,"Michael Massey",27684,686681
"Jose Iglesias","SDP",0.069970845,0.35313002,"Jose Iglesias",10231,578428
"Thomas Saggese","STL",0.054237288,0.35241503,"Thomas Saggese",27883,695336
"Pedro Pagés","STL",0.048843187,0.35193133,"Pedro Pages",25782,686780
"Trevor Story","BOS",0.050458715,0.35177182,"Trevor Story",12564,596115
"Miguel Andujar","- - -",0.049853372,0.35175879,"Miguel Andujar",15878,609280
"Adolis García","TEX",0.051188299,0.35105408,"Adolis Garcia",19287,666969
"Ozzie Albies","ATL",0.08245877,0.34956105,"Ozzie Albies",16556,645277
"Kerry Carpenter","DET",0.038793103,0.34818288,"Kerry Carpenter",25961,681481
"Austin Hays","CIN",0.069711538,0.3475,"Austin Hays",19363,669720
"Romy Gonzalez","BOS",0.052785923,0.34533552,"Romy Gonzalez",21562,663853
"Noelvi Marte","CIN",0.044444444,0.34428795,"Noelvi Marte",26517,682622
"Keibert Ruiz","WSN",0.029962546,0.34398034,"Keibert Ruiz",19610,660688
"Andrés Giménez","TOR",0.067750677,0.34375,"Andres Gimenez",19950,665926
"Lourdes Gurriel Jr.","ARI",0.056776556,0.34318902,"Lourdes Gurriel Jr.",19238,666971
"Luis Arraez","SDP",0.05037037,0.34200743,"Luis Arraez",18568,650333
"Mauricio Dubón","HOU",0.060301507,0.34138486,"Mauricio Dubon",16530,643289
"Nolan Arenado","STL",0.064220183,0.3408805,"Nolan Arenado",9777,571448
"Josh Jung","TEX",0.052837573,0.3388601,"Josh Jung",26299,673962
"Brooks Baldwin","CHW",0.06402439,0.33884298,"Brooks Baldwin",31394,681460
"Bo Bichette","TOR",0.063694267,0.33837934,"Bo Bichette",19612,666182
"Henry Davis","PIT",0.06360424,0.33714286,"Henry Davis",29617,680779
"Jake McCarthy","ARI",0.045045045,0.33574879,"Jake McCarthy",21622,664983
"CJ Abrams","WSN",0.058267716,0.33457596,"CJ Abrams",25768,682928
"Harrison Bader","- - -",0.077844311,0.33333333,"Harrison Bader",18030,664056
"Jordan Walker","STL",0.073232323,0.33333333,"Jordan Walker",27475,691023
"Isiah Kiner-Falefa","- - -",0.037037037,0.32972973,"Isiah Kiner-Falefa",16512,643396
"Wenceel Pérez","DET",0.080939947,0.32944228,"Wenceel Perez",22857,672761
"Dominic Smith","SFG",0.066666666,0.32920792,"Dominic Smith",15653,642086
"Orlando Arcia","- - -",0.046728971,0.32869081,"Orlando Arcia",13185,606115
"Joey Ortiz","MIL",0.053359683,0.32793017,"Joey Ortiz",25493,687401
"Anthony Santander","TOR",0.113122171,0.32716049,"Anthony Santander",14551,623993
"Max Muncy","ATH",0.045454545,0.32642487,"Max Muncy",29779,691777
"Brandon Lowe","TBR",0.068716094,0.32539683,"Brandon Lowe",18882,664040
"Tyler Fitzgerald","SFG",0.069958847,0.32516704,"Tyler Fitzgerald",26208,666149
"Jose Trevino","CIN",0.049668874,0.32494759,"Jose Trevino",16725,624431
"Willi Castro","- - -",0.088105726,0.32478632,"Willi Castro",17338,650489
"Ben Williamson","SEA",0.050847457,0.32472325,"Ben Williamson",33197,810938
"Travis d'Arnaud","LAA",0.056277056,0.32446809,"Travis d'Arnaud",7739,518595
"Riley Greene","DET",0.070229007,0.32335329,"Riley Greene",25976,682985
"Randal Grichuk","- - -",0.058020477,0.32183908,"Randal Grichuk",10243,545341
"Luis Robert Jr.","CHW",0.092807424,0.32100396,"Luis Robert Jr.",20043,673357
"Andy Pages","LAD",0.046474358,0.31988743,"Andy Pages",24816,681624
"Casey Schmitt","SFG",0.077586206,0.3196347,"Casey Schmitt",27577,669477
"Rowdy Tellez","- - -",0.054487179,0.31914894,"Rowdy Tellez",15679,642133
"Nico Hoerner","CHC",0.060092449,0.31879845,"Nico Hoerner",21479,663538
"Cal Raleigh","SEA",0.137588652,0.31873315,"Cal Raleigh",21534,663728
"Brayan Rocchio","CLE",0.057441253,0.3179792,"Brayan Rocchio",23690,677587
"Brooks Lee","MIN",0.058823529,0.3177665,"Brooks Lee",31595,686797
"Alexander Canario","PIT",0.072649572,0.31756757,"Alexander Canario",22842,672744
"Jo Adell","LAA",0.057591623,0.31727273,"Jo Adell",20220,666176
"Tyrone Taylor","NYM",0.046920821,0.31702899,"Tyrone Taylor",13675,621438
"Corbin Carroll","ARI",0.10436137,0.31697506,"Corbin Carroll",25878,682998
"Shea Langeliers","ATH",0.068833652,0.31607335,"Shea Langeliers",25816,669127
"Jarren Duran","BOS",0.086206896,0.31599082,"Jarren Duran",24617,680776
"Connor Norby","MIA",0.053412462,0.31578947,"Connor Norby",29592,681393
"Luis Rengifo","LAA",0.060998151,0.3157339,"Luis Rengifo",19858,650859
"J.T. Realmuto","PHI",0.063636363,0.31491713,"J.T. Realmuto",11739,592663
"Jasson Domínguez","NYY",0.095571095,0.31405896,"Jasson Dominguez",28080,691176
"Alec Burleson","STL",0.071428571,0.31317495,"Alec Burleson",27615,676475
"Adam Frazier","- - -",0.05664488,0.31257344,"Adam Frazier",15223,624428
"Jesús Sánchez","- - -",0.084507042,0.3125,"Jesus Sanchez",19913,660821
"Nick Fortes","- - -",0.057851239,0.3125,"Nick Fortes",21538,663743
"Enrique Hernández","LAD",0.0703125,0.31212724,"Enrique Hernandez",10472,571771
"Kyle Farmer","COL",0.056666666,0.31198347,"Kyle Farmer",14813,571657
"Logan O'Hoppe","LAA",0.053215077,0.31062356,"Logan O'Hoppe",24729,681351
"Bobby Witt Jr.","KCR",0.071324599,0.3104872,"Bobby Witt Jr.",25764,677951
"Ty France","- - -",0.044897959,0.31012658,"Ty France",17982,664034
"Nathan Lukes","TOR",0.08675799,0.30997305,"Nathan Lukes",18123,664770
"Patrick Bailey","SFG",0.066371681,0.30992736,"Patrick Bailey",27478,672275
"Mark Vientos","NYM",0.064794816,0.30977621,"Mark Vientos",22184,668901
"Eugenio Suárez","- - -",0.07001522,0.30973451,"Eugenio Suarez",12552,553993
"Michael Toglia","COL",0.083086053,0.30962963,"Michael Toglia",25845,669911
"Matt Shaw","CHC",0.086956521,0.3083871,"Matt Shaw",33322,807713
"Ryan Ritter","COL",0.048309178,0.30747126,"Ryan Ritter",31500,690022
"Agustín Ramírez","MIA",0.061538461,0.30661696,"Agustin Ramirez",26546,682663
"Junior Caminero","TBR",0.062787136,0.30661157,"Junior Caminero",28163,691406
"Jacob Wilson","ATH",0.051625239,0.30645161,"Jacob Wilson",33266,805779
"Nick Gonzales","PIT",0.051470588,0.3062201,"Nick Gonzales",27490,693304
"Zach Neto","LAA",0.059566787,0.30615942,"Zach Neto",31347,687263
"Tommy Edman","LAD",0.050397877,0.30569106,"Tommy Edman",19470,669242
"Brandon Marsh","PHI",0.089411764,0.30471584,"Brandon Marsh",20202,669016
"Dillon Dingler","DET",0.049040511,0.30418719,"Dillon Dingler",27464,693307
"Trea Turner","PHI",0.067292644,0.30262046,"Trea Turner",16252,607208
"Gavin Sheets","SDP",0.080733944,0.30250648,"Gavin Sheets",19901,657757
"Starling Marte","NYM",0.0668693,0.3024911,"Starling Marte",9241,516782
"Vinnie Pasquantino","KCR",0.071847507,0.30215827,"Vinnie Pasquantino",27676,686469
"Wilmer Flores","SFG",0.073434125,0.30215054,"Wilmer Flores",5827,527038
"Austin Wells","NYY",0.066964285,0.30034924,"Austin Wells",27562,669224
"Tim Tawa","ARI",0.088888888,0.29977117,"Tim Tawa",29571,694374
"Royce Lewis","MIN",0.062034739,0.29942693,"Royce Lewis",20437,668904
"Cody Bellinger","NYY",0.086890243,0.29911788,"Cody Bellinger",15998,641355
"Daulton Varsho","TOR",0.062730627,0.29910714,"Daulton Varsho",19918,662139
"Addison Barger","TOR",0.071713147,0.29865772,"Addison Barger",24598,680718
"Heliot Ramos","SFG",0.074820143,0.29844961,"Heliot Ramos",22515,671218
"Oswald Peraza","- - -",0.064150943,0.29844098,"Oswald Peraza",22823,672724
"Drake Baldwin","ATL",0.085201793,0.29843562,"Drake Baldwin",31539,686948
"Byron Buxton","MIN",0.075645756,0.298027,"Byron Buxton",14161,621439
"Andrew Vaughn","- - -",0.06935123,0.29761905,"Andrew Vaughn",26197,683734
"Kameron Misner","TBR",0.073732718,0.29742389,"Kameron Misner",26374,670224
"Jonathan Aranda","TBR",0.097156398,0.29739777,"Jonathan Aranda",21837,666018
"Jonah Heim","TEX",0.073903002,0.29695431,"Jonah Heim",16930,641680
"Brenton Doyle","COL",0.055762081,0.29649309,"Brenton Doyle",25479,686668
"Kyle Manzardo","CLE",0.09039548,0.29574468,"Kyle Manzardo",29794,700932
"Trey Sweeney","DET",0.079754601,0.2945591,"Trey Sweeney",29575,700242
"Chandler Simpson","TBR",0.045351473,0.29337539,"Chandler Simpson",31912,802415
"Willson Contreras","STL",0.078152753,0.29337232,"Willson Contreras",11609,575929
"Riley Adams","WSN",0.062937062,0.29326047,"Riley Adams",19864,656180
"Elias Díaz","SDP",0.074204946,0.29268293,"Elias Diaz",11680,553869
"Freddy Fermin","- - -",0.054755043,0.2926045,"Freddy Fermin",21840,666023
"Freddie Freeman","LAD",0.095693779,0.2909699,"Freddie Freeman",5361,518692
"Otto Kemp","PHI",0.055045871,0.29048843,"Otto Kemp",31792,805249
"Cam Smith","HOU",0.087221095,0.29018339,"Cam Smith",35108,701358
"Kyle Stowers","MIA",0.105032822,0.28966346,"Kyle Stowers",26151,669065
"Andrew Benintendi","CHW",0.085106382,0.28956624,"Andrew Benintendi",17901,643217
"José Ramírez","CLE",0.09806835,0.28937729,"Jose Ramirez",13510,608070
"Tyler Soderstrom","ATH",0.088141025,0.28897338,"Tyler Soderstrom",27467,691016
"Teoscar Hernández","LAD",0.047619047,0.28881988,"Teoscar Hernandez",13066,606192
"Luke Raley","SEA",0.08675799,0.28855721,"Luke Raley",19354,670042
"Austin Riley","ATL",0.060402684,0.28692494,"Austin Riley",18360,663586
"Christian Walker","HOU",0.0625,0.28631757,"Christian Walker",13419,572233
"Curtis Mead","- - -",0.056818181,0.28631579,"Curtis Mead",23986,678554
"Elly De La Cruz","CIN",0.095851216,0.2858209,"Elly De La Cruz",26668,682829
"Jeff McNeil","NYM",0.106060606,0.28571429,"Jeff McNeil",15362,643446
"Ramón Urías","- - -",0.069053708,0.28551724,"Ramon Urias",18795,602104
"Kody Clemens","- - -",0.075129533,0.28551532,"Kody Clemens",20572,665019
"Alejandro Kirk","TOR",0.09486166,0.28541667,"Alejandro Kirk",22581,672386
"Coby Mayo","BAL",0.091836734,0.28517824,"Coby Mayo",28312,691723
"Michael A. Taylor","CHW",0.07076923,0.28330523,"Michael A. Taylor",11489,572191
"Luis Torrens","NYM",0.067137809,0.28256071,"Luis Torrens",15905,620443
"Colson Montgomery","CHW",0.088028169,0.28205128,"Colson Montgomery",29712,695657
"José Caballero","- - -",0.127027027,0.28198433,"Jose Caballero",23401,676609
"Christopher Morel","TBR",0.081967213,0.28191489,"Christopher Morel",21897,666624
"Wilyer Abreu","BOS",0.095923261,0.28184282,"Wilyer Abreu",23772,677800
"Manny Machado","SDP",0.081120943,0.28180354,"Manny Machado",11493,592518
"Trevor Larnach","MIN",0.093474426,0.28136531,"Trevor Larnach",21501,663616
"Lawrence Butler","ATH",0.093650793,0.2810723,"Lawrence Butler",22542,671732
"Tyler O'Neill","BAL",0.105263157,0.28087167,"Tyler O'Neill",15711,641933
"Otto Lopez","MIA",0.074074074,0.28056112,"Otto Lopez",19608,672640
"Francisco Alvarez","NYM",0.097472924,0.28006873,"Francisco Alvarez",26121,682626
"Carlos Narváez","BOS",0.085201793,0.27962085,"Carlos Narvaez",19722,665966
"Robert Hassell III","WSN",0.038834951,0.27945205,"Robert Hassell III",27482,690987
"Matt Wallner","MIN",0.117346938,0.27929155,"Matt Wallner",26466,670242
"Javier Sanoja","MIA",0.055555555,0.27911275,"Javier Sanoja",28253,691594
"Oneil Cruz","PIT",0.117647058,0.27768595,"Oneil Cruz",21711,665833
"Zach McKinstry","DET",0.090019569,0.27687296,"Zach McKinstry",19392,656716
"Max Kepler","PHI",0.101265822,0.27586207,"Max Kepler",12144,596146
"Gunnar Henderson","BAL",0.095238095,0.27519052,"Gunnar Henderson",26289,683002
"Daylen Lile","WSN",0.059829059,0.27467105,"Daylen Lile",29995,695734
"Jordan Beck","COL",0.073129251,0.27409372,"Jordan Beck",31431,687597
"Eli White","ATL",0.040590405,0.27356322,"Eli White",19346,642201
"Bryan Reynolds","PIT",0.087155963,0.27343145,"Bryan Reynolds",19326,668804
"Ryan O'Hearn","- - -",0.106617647,0.27210884,"Ryan O'Hearn",16442,656811
"Francisco Lindor","NYM",0.088797814,0.27206419,"Francisco Lindor",12916,596019
"Ke'Bryan Hayes","- - -",0.063157894,0.27202323,"Ke'Bryan Hayes",18577,663647
"Myles Straw","TOR",0.06354515,0.27155172,"Myles Straw",17620,664702
"Pete Alonso","NYM",0.086036671,0.27074236,"Pete Alonso",19251,624413
"Masataka Yoshida","BOS",0.048780487,0.27062706,"Masataka Yoshida",31837,807799
"Sal Frelick","MIL",0.079124579,0.27049953,"Sal Frelick",29622,686217
"Willy Adames","SFG",0.116618075,0.27030913,"Willy Adames",15986,642715
"Jorge Polanco","SEA",0.080152671,0.27002967,"Jorge Polanco",13152,593871
"Colt Keith","DET",0.102564102,0.26996625,"Colt Keith",27899,690993
"Carlos Correa","- - -",0.077054794,0.2694718,"Carlos Correa",14162,621043
"Daniel Schneemann","CLE",0.090047393,0.26946848,"Daniel Schneemann",25180,682177
"Kyle Higashioka","TEX",0.061162079,0.26923077,"Kyle Higashioka",5517,543309
"Eric Wagaman","MIA",0.062256809,0.26831897,"Eric Wagaman",23395,676572
"Nolan Gorman","STL",0.116915422,0.2681638,"Nolan Gorman",22263,669357
"Josh Bell","WSN",0.106941838,0.26716839,"Josh Bell",13145,605137
"Josh Smith","TEX",0.097690941,0.26666667,"Josh Smith",26396,669701
"Brent Rooker","ATH",0.092989985,0.26661454,"Brent Rooker",19627,667670
"Dylan Crews","WSN",0.074534161,0.26603774,"Dylan Crews",33541,686611
"Bo Naylor","CLE",0.108695652,0.26572529,"Bo Naylor",21865,666310
"Will Benson","CIN",0.063241106,0.26315789,"Will Benson",21853,666181
"Christian Yelich","MIL",0.099378881,0.26250962,"Christian Yelich",11477,592885
"JJ Bleday","ATH",0.104651162,0.26226994,"JJ Bleday",26368,668709
"Jordan Westburg","BAL",0.048295454,0.2615894,"Jordan Westburg",27815,676059
"Shohei Ohtani","LAD",0.149931224,0.2615597,"Shohei Ohtani",19755,660271
"Jazz Chisholm Jr.","NYY",0.109227871,0.26124402,"Jazz Chisholm Jr.",20454,665862
"Matt McLain","CIN",0.095320623,0.26010545,"Matt McLain",29695,680574
"Tyler Stephenson","CIN",0.108187134,0.25981873,"Tyler Stephenson",17988,663886
"Giancarlo Stanton","NYY",0.103202846,0.25950413,"Giancarlo Stanton",4949,519317
"Alec Bohm","PHI",0.057539682,0.25902062,"Alec Bohm",21618,664761
"Paul Goldschmidt","NYY",0.06741573,0.25882353,"Paul Goldschmidt",9218,502671
"Ketel Marte","ARI",0.115107913,0.25837321,"Ketel Marte",13613,606466
"Sean Murphy","ATL",0.103857566,0.25769854,"Sean Murphy",19352,669221
"Blaze Alexander","ARI",0.082706766,0.25754527,"Blaze Alexander",23789,677942
"Gabriel Moreno","ARI",0.093851132,0.2571912,"Gabriel Moreno",22664,672515
"Miguel Rojas","LAD",0.075709779,0.25641026,"Miguel Rojas",7802,500743
"Nolan Jones","CLE",0.096774193,0.25471698,"Nolan Jones",20529,666134
"Nacho Alvarez Jr.","ATL",0.057692307,0.25418994,"Nacho Alvarez Jr.",31765,805373
"Spencer Steer","CIN",0.089788732,0.25317693,"Spencer Steer",26323,668715
"Jake Fraley","- - -",0.115207373,0.25304136,"Jake Fraley",19260,641584
"Kyle Isbel","KCR",0.056234718,0.25274725,"Kyle Isbel",21614,664728
"Tyler Freeman","COL",0.079439252,0.25257732,"Tyler Freeman",22532,671289
"Christian Vázquez","MIN",0.084112149,0.2525,"Christian Vazquez",9774,543877
"Joc Pederson","TEX",0.111111111,0.25247525,"Joc Pederson",11899,592626
"Spencer Horwitz","PIT",0.107055961,0.25220681,"Spencer Horwitz",26477,687462
"Anthony Volpe","NYY",0.072147651,0.25204732,"Anthony Volpe",27647,683011
"Nolan Schanuel","LAA",0.104609929,0.25176234,"Nolan Schanuel",33189,694384
"Rafael Devers","- - -",0.153635116,0.25161708,"Rafael Devers",17350,646240
"Carlos Santana","- - -",0.109704641,0.25075226,"Carlos Santana",2396,467793
"Randy Arozarena","SEA",0.090267983,0.25,"Randy Arozarena",19290,668227
"Ramón Laureano","- - -",0.071721311,0.24863089,"Ramon Laureano",17128,657656
"Masyn Winn","STL",0.063314711,0.24799197,"Masyn Winn",27479,691026
"James Wood","WSN",0.123367198,0.24710145,"James Wood",29518,695578
"William Contreras","MIL",0.127465857,0.24636511,"William Contreras",20503,661388
"Xavier Edwards","MIA",0.079159935,0.24537488,"Xavier Edwards",22266,669364
"Brendan Donovan","STL",0.081553398,0.24519774,"Brendan Donovan",24679,680977
"Dylan Moore","- - -",0.082304526,0.24498886,"Dylan Moore",18042,664238
"Jorge Soler","LAA",0.088888888,0.24444444,"Jorge Soler",14221,624585
"Mike Tauchman","CHW",0.116883116,0.24400564,"Mike Tauchman",15274,643565
"Cedric Mullins","- - -",0.100401606,0.24329897,"Cedric Mullins",17929,656775
"Dansby Swanson","CHC",0.072868217,0.24247635,"Dansby Swanson",18314,621020
"Marcus Semien","TEX",0.093632958,0.24168297,"Marcus Semien",12533,543760
"Santiago Espinal","CIN",0.06402439,0.24108659,"Santiago Espinal",19997,669289
"Victor Scott II","STL",0.090712742,0.24103832,"Victor Scott II",31349,687363
"Ryan McMahon","- - -",0.119453924,0.24027658,"Ryan McMahon",15112,641857
"Brett Baty","NYM",0.076388888,0.23994975,"Brett Baty",26123,683146
"Dane Myers","MIA",0.069069069,0.23976608,"Dane Myers",22054,667472
"Nathaniel Lowe","- - -",0.101806239,0.23970346,"Nathaniel Lowe",19566,663993
"Colton Cowser","BAL",0.075,0.23955432,"Colton Cowser",29591,681297
"Parker Meadows","DET",0.098591549,0.23902439,"Parker Meadows",23800,678009
"Cole Young","SEA",0.108949416,0.23819302,"Cole Young",31680,702284
"Jake Meyers","HOU",0.081364829,0.23737374,"Jake Meyers",20308,676694
"Matt Olson","ATL",0.125690607,0.23720026,"Matt Olson",14344,621566
"Nick Allen","ATL",0.07451923,0.23646724,"Nick Allen",22277,669397
"Jared Triolo","PIT",0.103723404,0.23633678,"Jared Triolo",25807,669707
"Corey Seager","TEX",0.130337078,0.23616236,"Corey Seager",13624,608369
"Jackson Holliday","BAL",0.086286594,0.23603604,"Jackson Holliday",31781,702616
"Brice Turang","MIL",0.100151745,0.23590151,"Brice Turang",22186,668930
"Bryson Stott","PHI",0.096428571,0.23566308,"Bryson Stott",26294,681082
"Yoán Moncada","LAA",0.110726643,0.23508137,"Yoan Moncada",17232,660162
"Michael Conforto","LAD",0.115226337,0.23458038,"Michael Conforto",16376,624424
"Brandon Nimmo","NYM",0.076687116,0.2345679,"Brandon Nimmo",12927,607043
"Iván Herrera","STL",0.095132743,0.23368921,"Ivan Herrera",20599,671056
"Michael Busch","CHC",0.094594594,0.23255814,"Michael Busch",26319,683737
"Jurickson Profar","ATL",0.129380053,0.23195876,"Jurickson Profar",10815,595777
"Fernando Tatis Jr.","SDP",0.128798842,0.23042169,"Fernando Tatis Jr.",19709,665487
"Xander Bogaerts","SDP",0.086956521,0.22996878,"Xander Bogaerts",12161,593428
"Ryan Jeffers","MIN",0.10775862,0.22984749,"Ryan Jeffers",24618,680777
"Jung Hoo Lee","SFG",0.07617504,0.22966507,"Jung Hoo Lee",33824,808982
"Isaac Paredes","HOU",0.114155251,0.22936763,"Isaac Paredes",20036,670623
"Steven Kwan","CLE",0.079365079,0.22847949,"Steven Kwan",24610,680757
"Yandy Díaz","TBR",0.087557603,0.2278157,"Yandy Diaz",16578,650490
"Joey Bart","PIT",0.120481927,0.22773723,"Joey Bart",21524,663698
"Kyle Teel","CHW",0.124579124,0.22751323,"Kyle Teel",33549,691019
"Adley Rutschman","BAL",0.109589041,0.22513812,"Adley Rutschman",26288,668939
"Evan Carter","TEX",0.086363636,0.22465753,"Evan Carter",27790,694497
"Alex Verdugo","ATL",0.065727699,0.22427441,"Alex Verdugo",17027,657077
"Mookie Betts","LAD",0.092006033,0.22393162,"Mookie Betts",13611,605141
"Carson Kelly","CHC",0.106888361,0.22365039,"Carson Kelly",13620,608348
"Aaron Judge","NYY",0.182621502,0.22296793,"Aaron Judge",15640,592450
"Kristian Campbell","BOS",0.110266159,0.22222222,"Kristian Campbell",33644,692225
"Victor Caratini","HOU",0.059585492,0.221875,"Victor Caratini",14968,605170
"Nick Kurtz","ATH",0.128834355,0.22186837,"Nick Kurtz",35110,701762
"Luis Urías","ATH",0.093939393,0.22071307,"Luis Urias",16622,649966
"J.P. Crawford","SEA",0.113149847,0.22016129,"J.P. Crawford",15491,641487
"Ronald Acuña Jr.","ATL",0.172330097,0.22009569,"Ronald Acuna Jr.",18401,660670
"Marcell Ozuna","ATL",0.158783783,0.21923937,"Marcell Ozuna",10324,542303
"Wyatt Langford","TEX",0.129144851,0.21885813,"Wyatt Langford",33333,694671
"Chase Meidroth","CHW",0.08910891,0.21875,"Chase Meidroth",31580,805367
"Kyle Schwarber","PHI",0.14917127,0.21860768,"Kyle Schwarber",16478,656941
"Caleb Durbin","MIL",0.059288537,0.21836228,"Caleb Durbin",29646,702332
"Mike Yastrzemski","- - -",0.129032258,0.21779425,"Mike Yastrzemski",14854,573262
"Edgar Quero","CHW",0.079404466,0.21714286,"Edgar Quero",28022,700337
"Heriberto Hernández","MIA",0.105442176,0.21611722,"Heriberto Hernandez",24878,681715
"Max Muncy","LAD",0.164948453,0.21605667,"Max Muncy",13301,571970
"Lars Nootbaar","STL",0.109777015,0.21492007,"Lars Nootbaar",21454,663457
"Jacob Young","WSN",0.074175824,0.21477663,"Jacob Young",29931,696285
"Gavin Lux","CIN",0.111332007,0.21414141,"Gavin Lux",19955,666158
"Pavin Smith","ARI",0.142361111,0.21367521,"Pavin Smith",19892,656976
"Taylor Ward","LAA",0.113122171,0.21296296,"Taylor Ward",17548,621493
"Luke Keaschall","MIN",0.091787439,0.21288515,"Luke Keaschall",33321,807712
"Vladimir Guerrero Jr.","TOR",0.119117647,0.21199324,"Vladimir Guerrero Jr.",19611,665489
"Ben Rice","NYY",0.094339622,0.21187308,"Ben Rice",29576,700250
"Matt Chapman","SFG",0.13271028,0.21107927,"Matt Chapman",16505,656305
"Jake Cronenworth","SDP",0.133980582,0.2107796,"Jake Cronenworth",18036,630105
"Jake Bauers","MIL",0.14678899,0.21064815,"Jake Bauers",15194,641343
"Seiya Suzuki","CHC",0.10906298,0.21064815,"Seiya Suzuki",30116,673548
"Miguel Vargas","CHW",0.098418277,0.21047708,"Miguel Vargas",20178,678246
"Spencer Torkelson","DET",0.110939907,0.21004942,"Spencer Torkelson",27465,679529
"Edouard Julien","MIN",0.10576923,0.20979021,"Edouard Julien",27534,666397
"Ian Happ","CHC",0.131221719,0.20802005,"Ian Happ",17919,664023
"Max Schuemann","ATH",0.103286384,0.20460358,"Max Schuemann",24488,680474
"Dylan Carlson","BAL",0.087136929,0.20399113,"Dylan Carlson",20126,666185
"Maikel Garcia","KCR",0.093093093,0.2014197,"Maikel Garcia",22715,672580
"Alex Call","- - -",0.111801242,0.20101351,"Alex Call",19296,669743
"Danny Jansen","- - -",0.12462908,0.20095694,"Danny Jansen",16535,643376
"Davis Schneider","TOR",0.158590308,0.20037453,"Davis Schneider",23565,676914
"George Springer","TOR",0.11774744,0.19981584,"George Springer",12856,543807
"Mitch Garver","SEA",0.103448275,0.19962687,"Mitch Garver",15161,641598
"Mike Trout","LAA",0.15647482,0.19913043,"Mike Trout",10155,545361
"Rhys Hoskins","MIL",0.115853658,0.19850746,"Rhys Hoskins",16472,656555
"Roman Anthony","BOS",0.132013201,0.1968254,"Roman Anthony",31812,701350
"Jakob Marsee","MIA",0.094017094,0.1943734,"Jakob Marsee",31370,805300
"Will Smith","LAD",0.14678899,0.19376392,"Will Smith",19197,669257
"Jonathan India","KCR",0.095238095,0.19326065,"Jonathan India",21523,663697
"Geraldo Perdomo","ARI",0.130555555,0.19282511,"Geraldo Perdomo",22799,672695
"Taylor Walls","TBR",0.082018927,0.19281664,"Taylor Walls",22458,670764
"Andrew McCutchen","PIT",0.121597096,0.19256435,"Andrew McCutchen",9847,457705
"LaMonte Wade Jr.","- - -",0.111570247,0.18789144,"LaMonte Wade Jr.",18126,664774
"TJ Friedl","CIN",0.118248175,0.18780488,"TJ Friedl",19522,670770
"Alex Bregman","BOS",0.103030303,0.1875,"Alex Bregman",17678,608324
"Trent Grisham","NYY",0.141135972,0.18669131,"Trent Grisham",18564,663757
"Josh Rojas","CHW",0.090047393,0.18559557,"Josh Rojas",19734,668942
"Rob Refsnyder","BOS",0.114832535,0.18465228,"Rob Refsnyder",13770,608701
"Kyle Tucker","CHC",0.145728643,0.18299445,"Kyle Tucker",18345,663656
"Liam Hicks","MIA",0.11025641,0.17877907,"Liam Hicks",29844,689414
"Tommy Pham","PIT",0.111358574,0.17812062,"Tommy Pham",2967,502054
"Isaac Collins","MIL",0.1292517,0.17596035,"Isaac Collins",25477,686555
"Gleyber Torres","DET",0.135350318,0.17174083,"Gleyber Torres",16997,650402
"Juan Soto","NYM",0.177622377,0.16168478,"Juan Soto",20123,665742
"Jose Herrera","ARI",0.112745098,0.15263158,"Jose Herrera",17040,645444